{"markups": {"Blame": ["Other", "Partner"], "Defend": ["Other", "Self"]}, "nonterminals": {"Accuse": {"complete": true, "deep": false, "markup": {}, "rules": [{"app_rate": 1, "expansion": ["[[Accuse_Other]]"]}, {"app_rate": 1, "expansion": ["[[Accuse_PArtner]]"]}]}, "Accuse_Other": {"complete": true, "deep": false, "markup": {"Blame": ["Other"]}, "rules": [{"app_rate": 1, "expansion": ["It was ", "[acusee]"]}]}, "Accuse_PArtner": {"complete": true, "deep": false, "markup": {"Blame": ["Partner"]}, "rules": [{"app_rate": 1, "expansion": ["I accuse you ", "[partner]"]}]}, "Defend": {"complete": true, "deep": false, "markup": {}, "rules": [{"app_rate": 1, "expansion": ["[[Defend_Other]]"]}, {"app_rate": 1, "expansion": ["[[Defend_Self]]"]}]}, "Defend_Other": {"complete": true, "deep": false, "markup": {"Defend": ["Other"]}, "rules": [{"app_rate": 1, "expansion": ["It wasn't ", "[defendee]"]}]}, "Defend_Self": {"complete": true, "deep": false, "markup": {"Defend": ["Self"]}, "rules": [{"app_rate": 1, "expansion": ["It wasn't me! "]}]}, "Gossip": {"complete": true, "deep": false, "markup": {}, "rules": [{"app_rate": 1, "expansion": ["[[Defend]]"]}, {"app_rate": 1, "expansion": ["[[Accuse]]"]}]}, "Greet": {"complete": true, "deep": false, "markup": {}, "rules": [{"app_rate": 1, "expansion": ["[[Gossip]]"]}]}}, "system_vars": ["[accusee]", "[acusee]", "[defendee]", "[partner]"]}